<?xml version="1.0" encoding="UTF-8"?>
<config xmlns="http://www.knime.org/2008/09/XMLConfig" xmlns:xsi="http://www.w3.org/2001/XMLSchema-instance" xsi:schemaLocation="http://www.knime.org/2008/09/XMLConfig http://www.knime.org/XMLConfig_2008_09.xsd" key="model.xml">
    <entry key="version" type="xint" value="1"/>
    <entry key="class_name" type="xstring" value="org.knime.base.data.normalize.NormalizerPortObject"/>
    <config key="model">
        <config key="columns">
            <config key="duration_ms">
                <entry key="column_name" type="xstring" value="duration_ms"/>
                <entry key="column_scale" type="xdouble" value="3.399171893743246E-7"/>
                <entry key="column_translate" type="xdouble" value="-0.0059325747061500875"/>
                <entry key="column_min" type="xdouble" value="0.0"/>
                <entry key="column_max" type="xdouble" value="1.0"/>
            </config>
            <config key="danceability">
                <entry key="column_name" type="xstring" value="danceability"/>
                <entry key="column_scale" type="xdouble" value="1.0256410256410258"/>
                <entry key="column_translate" type="xdouble" value="0.0"/>
                <entry key="column_min" type="xdouble" value="0.0"/>
                <entry key="column_max" type="xdouble" value="1.0"/>
            </config>
            <config key="energy">
                <entry key="column_name" type="xstring" value="energy"/>
                <entry key="column_scale" type="xdouble" value="1.0005442960970767"/>
                <entry key="column_translate" type="xdouble" value="-5.442960970768097E-4"/>
                <entry key="column_min" type="xdouble" value="0.0"/>
                <entry key="column_max" type="xdouble" value="1.0"/>
            </config>
            <config key="key">
                <entry key="column_name" type="xstring" value="key"/>
                <entry key="column_scale" type="xdouble" value="0.09090909090909091"/>
                <entry key="column_translate" type="xdouble" value="0.0"/>
                <entry key="column_min" type="xdouble" value="0.0"/>
                <entry key="column_max" type="xdouble" value="1.0"/>
            </config>
            <config key="loudness">
                <entry key="column_name" type="xstring" value="loudness"/>
                <entry key="column_scale" type="xdouble" value="0.021844554152649746"/>
                <entry key="column_translate" type="xdouble" value="0.9602210668880249"/>
                <entry key="column_min" type="xdouble" value="0.0"/>
                <entry key="column_max" type="xdouble" value="1.0"/>
            </config>
            <config key="mode">
                <entry key="column_name" type="xstring" value="mode"/>
                <entry key="column_scale" type="xdouble" value="1.0"/>
                <entry key="column_translate" type="xdouble" value="0.0"/>
                <entry key="column_min" type="xdouble" value="0.0"/>
                <entry key="column_max" type="xdouble" value="1.0"/>
            </config>
            <config key="speechiness">
                <entry key="column_name" type="xstring" value="speechiness"/>
                <entry key="column_scale" type="xdouble" value="1.0822510822510822"/>
                <entry key="column_translate" type="xdouble" value="0.0"/>
                <entry key="column_min" type="xdouble" value="0.0"/>
                <entry key="column_max" type="xdouble" value="1.0"/>
            </config>
            <config key="acousticness">
                <entry key="column_name" type="xstring" value="acousticness"/>
                <entry key="column_scale" type="xdouble" value="1.0040175460901533"/>
                <entry key="column_translate" type="xdouble" value="-1.4759057927525252E-6"/>
                <entry key="column_min" type="xdouble" value="0.0"/>
                <entry key="column_max" type="xdouble" value="1.0"/>
            </config>
            <config key="instrumentalness">
                <entry key="column_name" type="xstring" value="instrumentalness"/>
                <entry key="column_scale" type="xdouble" value="1.0141987829614605"/>
                <entry key="column_translate" type="xdouble" value="0.0"/>
                <entry key="column_min" type="xdouble" value="0.0"/>
                <entry key="column_max" type="xdouble" value="1.0"/>
            </config>
            <config key="liveness">
                <entry key="column_name" type="xstring" value="liveness"/>
                <entry key="column_scale" type="xdouble" value="1.015228426395939"/>
                <entry key="column_translate" type="xdouble" value="-0.015228426395939085"/>
                <entry key="column_min" type="xdouble" value="0.0"/>
                <entry key="column_max" type="xdouble" value="1.0"/>
            </config>
            <config key="valence">
                <entry key="column_name" type="xstring" value="valence"/>
                <entry key="column_scale" type="xdouble" value="1.0060362173038229"/>
                <entry key="column_translate" type="xdouble" value="0.0"/>
                <entry key="column_min" type="xdouble" value="0.0"/>
                <entry key="column_max" type="xdouble" value="1.0"/>
            </config>
            <config key="tempo">
                <entry key="column_name" type="xstring" value="tempo"/>
                <entry key="column_scale" type="xdouble" value="0.004108936114261295"/>
                <entry key="column_translate" type="xdouble" value="0.0"/>
                <entry key="column_min" type="xdouble" value="0.0"/>
                <entry key="column_max" type="xdouble" value="1.0"/>
            </config>
            <config key="time_signature">
                <entry key="column_name" type="xstring" value="time_signature"/>
                <entry key="column_scale" type="xdouble" value="0.2"/>
                <entry key="column_translate" type="xdouble" value="0.0"/>
                <entry key="column_min" type="xdouble" value="0.0"/>
                <entry key="column_max" type="xdouble" value="1.0"/>
            </config>
        </config>
        <entry key="summary" type="xstring" value="Min/Max (0.0, 1) normalization on 13 column(s)"/>
    </config>
</config>
