<?xml version="1.0" encoding="UTF-8"?>
<config xmlns="http://www.knime.org/2008/09/XMLConfig" xmlns:xsi="http://www.w3.org/2001/XMLSchema-instance" xsi:schemaLocation="http://www.knime.org/2008/09/XMLConfig http://www.knime.org/XMLConfig_2008_09.xsd" key="MiningSchema">
    <config key="learning">
        <entry key="array-size" type="xint" value="13"/>
        <entry key="0" type="xstring" value="duration_ms"/>
        <entry key="1" type="xstring" value="danceability"/>
        <entry key="2" type="xstring" value="energy"/>
        <entry key="3" type="xstring" value="key"/>
        <entry key="4" type="xstring" value="loudness"/>
        <entry key="5" type="xstring" value="mode"/>
        <entry key="6" type="xstring" value="speechiness"/>
        <entry key="7" type="xstring" value="acousticness"/>
        <entry key="8" type="xstring" value="instrumentalness"/>
        <entry key="9" type="xstring" value="liveness"/>
        <entry key="10" type="xstring" value="valence"/>
        <entry key="11" type="xstring" value="tempo"/>
        <entry key="12" type="xstring" value="time_signature"/>
    </config>
    <config key="target">
        <entry key="array-size" type="xint" value="1"/>
        <entry key="0" type="xstring" value="track_genre"/>
    </config>
</config>
