<?xml version="1.0" encoding="UTF-8"?>
<config xmlns="http://www.knime.org/2008/09/XMLConfig" xmlns:xsi="http://www.w3.org/2001/XMLSchema-instance" xsi:schemaLocation="http://www.knime.org/2008/09/XMLConfig http://www.knime.org/XMLConfig_2008_09.xsd" key="model.xml">
    <entry key="version" type="xint" value="1"/>
    <entry key="class_name" type="xstring" value="org.knime.base.data.normalize.NormalizerPortObject"/>
    <config key="model">
        <config key="columns">
            <config key="duration_ms">
                <entry key="column_name" type="xstring" value="duration_ms"/>
                <entry key="column_scale" type="xdouble" value="6.642105413470103E-6"/>
                <entry key="column_translate" type="xdouble" value="-1.1179361241945116"/>
                <entry key="column_min" type="xdouble" value="0.0"/>
                <entry key="column_max" type="xdouble" value="1.0"/>
            </config>
            <config key="danceability">
                <entry key="column_name" type="xstring" value="danceability"/>
                <entry key="column_scale" type="xdouble" value="2.761771083708913"/>
                <entry key="column_translate" type="xdouble" value="-1.0162372116866996"/>
                <entry key="column_min" type="xdouble" value="0.0"/>
                <entry key="column_max" type="xdouble" value="1.0"/>
            </config>
            <config key="energy">
                <entry key="column_name" type="xstring" value="energy"/>
                <entry key="column_scale" type="xdouble" value="1.4760589603097103"/>
                <entry key="column_translate" type="xdouble" value="-0.29012586832638554"/>
                <entry key="column_min" type="xdouble" value="0.0"/>
                <entry key="column_max" type="xdouble" value="1.0"/>
            </config>
            <config key="key">
                <entry key="column_name" type="xstring" value="key"/>
                <entry key="column_scale" type="xdouble" value="0.622189372397248"/>
                <entry key="column_translate" type="xdouble" value="-2.677551593045408"/>
                <entry key="column_min" type="xdouble" value="0.0"/>
                <entry key="column_max" type="xdouble" value="1.0"/>
            </config>
            <config key="loudness">
                <entry key="column_name" type="xstring" value="loudness"/>
                <entry key="column_scale" type="xdouble" value="0.06896546445382878"/>
                <entry key="column_translate" type="xdouble" value="1.3738097108973275"/>
                <entry key="column_min" type="xdouble" value="0.0"/>
                <entry key="column_max" type="xdouble" value="1.0"/>
            </config>
            <config key="mode">
                <entry key="column_name" type="xstring" value="mode"/>
                <entry key="column_scale" type="xdouble" value="2.4168338843338817"/>
                <entry key="column_translate" type="xdouble" value="-1.1587998226872398"/>
                <entry key="column_min" type="xdouble" value="0.0"/>
                <entry key="column_max" type="xdouble" value="1.0"/>
            </config>
            <config key="speechiness">
                <entry key="column_name" type="xstring" value="speechiness"/>
                <entry key="column_scale" type="xdouble" value="7.7751972198050145"/>
                <entry key="column_translate" type="xdouble" value="-0.3230800693804288"/>
                <entry key="column_min" type="xdouble" value="0.0"/>
                <entry key="column_max" type="xdouble" value="1.0"/>
            </config>
            <config key="acousticness">
                <entry key="column_name" type="xstring" value="acousticness"/>
                <entry key="column_scale" type="xdouble" value="1.1053053085151492"/>
                <entry key="column_translate" type="xdouble" value="-0.01657652979437651"/>
                <entry key="column_min" type="xdouble" value="0.0"/>
                <entry key="column_max" type="xdouble" value="1.0"/>
            </config>
            <config key="instrumentalness">
                <entry key="column_name" type="xstring" value="instrumentalness"/>
                <entry key="column_scale" type="xdouble" value="1.4847491712985228"/>
                <entry key="column_translate" type="xdouble" value="-0.00368027558247832"/>
                <entry key="column_min" type="xdouble" value="0.0"/>
                <entry key="column_max" type="xdouble" value="1.0"/>
            </config>
            <config key="liveness">
                <entry key="column_name" type="xstring" value="liveness"/>
                <entry key="column_scale" type="xdouble" value="6.636623385000387"/>
                <entry key="column_translate" type="xdouble" value="-0.8581047744539071"/>
                <entry key="column_min" type="xdouble" value="0.0"/>
                <entry key="column_max" type="xdouble" value="1.0"/>
            </config>
            <config key="valence">
                <entry key="column_name" type="xstring" value="valence"/>
                <entry key="column_scale" type="xdouble" value="1.9533915609585235"/>
                <entry key="column_translate" type="xdouble" value="-0.3268894210857607"/>
                <entry key="column_min" type="xdouble" value="0.0"/>
                <entry key="column_max" type="xdouble" value="1.0"/>
            </config>
            <config key="tempo">
                <entry key="column_name" type="xstring" value="tempo"/>
                <entry key="column_scale" type="xdouble" value="0.04251393309386239"/>
                <entry key="column_translate" type="xdouble" value="-4.592617884034755"/>
                <entry key="column_min" type="xdouble" value="0.0"/>
                <entry key="column_max" type="xdouble" value="1.0"/>
            </config>
            <config key="time_signature">
                <entry key="column_name" type="xstring" value="time_signature"/>
                <entry key="column_scale" type="xdouble" value="2.5511591592391327"/>
                <entry key="column_translate" type="xdouble" value="-9.321051983206038"/>
                <entry key="column_min" type="xdouble" value="0.0"/>
                <entry key="column_max" type="xdouble" value="1.0"/>
            </config>
        </config>
        <entry key="summary" type="xstring" value="Min/Max (0.0, 1) normalization on 13 column(s)"/>
    </config>
</config>
