<?xml version="1.0" encoding="UTF-8"?>
<config xmlns="http://www.knime.org/2008/09/XMLConfig" xmlns:xsi="http://www.w3.org/2001/XMLSchema-instance" xsi:schemaLocation="http://www.knime.org/2008/09/XMLConfig http://www.knime.org/XMLConfig_2008_09.xsd" key="model.xml">
    <entry key="version" type="xint" value="1"/>
    <entry key="class_name" type="xstring" value="org.knime.base.data.normalize.NormalizerPortObject"/>
    <config key="model">
        <config key="columns">
            <config key="duration_ms">
                <entry key="column_name" type="xstring" value="duration_ms"/>
                <entry key="column_scale" type="xdouble" value="4.163392767157643E-6"/>
                <entry key="column_translate" type="xdouble" value="-0.5518749397018918"/>
                <entry key="column_min" type="xdouble" value="0.0"/>
                <entry key="column_max" type="xdouble" value="1.0"/>
            </config>
            <config key="danceability">
                <entry key="column_name" type="xstring" value="danceability"/>
                <entry key="column_scale" type="xdouble" value="1.635135525885754"/>
                <entry key="column_translate" type="xdouble" value="-0.27345714605000015"/>
                <entry key="column_min" type="xdouble" value="0.0"/>
                <entry key="column_max" type="xdouble" value="1.0"/>
            </config>
            <config key="energy">
                <entry key="column_name" type="xstring" value="energy"/>
                <entry key="column_scale" type="xdouble" value="1.359414180219073"/>
                <entry key="column_translate" type="xdouble" value="-0.26719882474647616"/>
                <entry key="column_min" type="xdouble" value="0.0"/>
                <entry key="column_max" type="xdouble" value="1.0"/>
            </config>
            <config key="key">
                <entry key="column_name" type="xstring" value="key"/>
                <entry key="column_scale" type="xdouble" value="0.622189372397248"/>
                <entry key="column_translate" type="xdouble" value="-2.677551593045408"/>
                <entry key="column_min" type="xdouble" value="0.0"/>
                <entry key="column_max" type="xdouble" value="1.0"/>
            </config>
            <config key="loudness">
                <entry key="column_name" type="xstring" value="loudness"/>
                <entry key="column_scale" type="xdouble" value="0.048981870195265724"/>
                <entry key="column_translate" type="xdouble" value="1.1850817132475853"/>
                <entry key="column_min" type="xdouble" value="0.0"/>
                <entry key="column_max" type="xdouble" value="1.0"/>
            </config>
            <config key="mode">
                <entry key="column_name" type="xstring" value="mode"/>
                <entry key="column_scale" type="xdouble" value="1.5896226678661407"/>
                <entry key="column_translate" type="xdouble" value="-0.5280470701302472"/>
                <entry key="column_min" type="xdouble" value="0.0"/>
                <entry key="column_max" type="xdouble" value="1.0"/>
            </config>
            <config key="speechiness">
                <entry key="column_name" type="xstring" value="speechiness"/>
                <entry key="column_scale" type="xdouble" value="1.3838954109635757"/>
                <entry key="column_translate" type="xdouble" value="-0.05129949343682573"/>
                <entry key="column_min" type="xdouble" value="0.0"/>
                <entry key="column_max" type="xdouble" value="1.0"/>
            </config>
            <config key="acousticness">
                <entry key="column_name" type="xstring" value="acousticness"/>
                <entry key="column_scale" type="xdouble" value="1.0957677728296105"/>
                <entry key="column_translate" type="xdouble" value="-0.007804623195085828"/>
                <entry key="column_min" type="xdouble" value="0.0"/>
                <entry key="column_max" type="xdouble" value="1.0"/>
            </config>
            <config key="instrumentalness">
                <entry key="column_name" type="xstring" value="instrumentalness"/>
                <entry key="column_scale" type="xdouble" value="1.2667407226895402"/>
                <entry key="column_translate" type="xdouble" value="-8.729931827646559E-5"/>
                <entry key="column_min" type="xdouble" value="0.0"/>
                <entry key="column_max" type="xdouble" value="1.0"/>
            </config>
            <config key="liveness">
                <entry key="column_name" type="xstring" value="liveness"/>
                <entry key="column_scale" type="xdouble" value="1.8701610094435128"/>
                <entry key="column_translate" type="xdouble" value="-0.24180882326817815"/>
                <entry key="column_min" type="xdouble" value="0.0"/>
                <entry key="column_max" type="xdouble" value="1.0"/>
            </config>
            <config key="valence">
                <entry key="column_name" type="xstring" value="valence"/>
                <entry key="column_scale" type="xdouble" value="1.3223296057395895"/>
                <entry key="column_translate" type="xdouble" value="-0.07611932813649681"/>
                <entry key="column_min" type="xdouble" value="0.0"/>
                <entry key="column_max" type="xdouble" value="1.0"/>
            </config>
            <config key="tempo">
                <entry key="column_name" type="xstring" value="tempo"/>
                <entry key="column_scale" type="xdouble" value="0.014145630438858095"/>
                <entry key="column_translate" type="xdouble" value="-1.1947150182072988"/>
                <entry key="column_min" type="xdouble" value="0.0"/>
                <entry key="column_max" type="xdouble" value="1.0"/>
            </config>
            <config key="time_signature">
                <entry key="column_name" type="xstring" value="time_signature"/>
                <entry key="column_scale" type="xdouble" value="1.0485028156205272"/>
                <entry key="column_translate" type="xdouble" value="-3.2822239594299596"/>
                <entry key="column_min" type="xdouble" value="0.0"/>
                <entry key="column_max" type="xdouble" value="1.0"/>
            </config>
        </config>
        <entry key="summary" type="xstring" value="Min/Max (0.0, 1) normalization on 13 column(s)"/>
    </config>
</config>
