<?xml version="1.0" encoding="UTF-8"?>
<config xmlns="http://www.knime.org/2008/09/XMLConfig" xmlns:xsi="http://www.w3.org/2001/XMLSchema-instance" xsi:schemaLocation="http://www.knime.org/2008/09/XMLConfig http://www.knime.org/XMLConfig_2008_09.xsd" key="model.xml">
    <entry key="version" type="xint" value="1"/>
    <entry key="class_name" type="xstring" value="org.knime.xgboost.core.model.XGBModelPortObjectSpec"/>
    <config key="model">
        <config key="dataSpec">
            <config key="featureSpec">
                <entry key="spec_name" type="xstring" value="default"/>
                <entry key="number_columns" type="xint" value="12"/>
                <config key="column_spec_0">
                    <entry key="column_name" type="xstring" value="duration_ms"/>
                    <config key="element_names">
                        <entry key="array-size" type="xint" value="0"/>
                    </config>
                    <config key="column_type">
                        <entry key="cell_class" type="xstring" value="org.knime.core.data.def.IntCell"/>
                    </config>
                    <config key="column_domain">
                        <config key="lower_bound">
                            <entry key="datacell" type="xstring" value="org.knime.core.data.def.IntCell"/>
                            <config key="org.knime.core.data.def.IntCell">
                                <entry key="IntCell" type="xint" value="0"/>
                            </config>
                        </config>
                        <config key="upper_bound">
                            <entry key="datacell" type="xstring" value="org.knime.core.data.def.IntCell"/>
                            <config key="org.knime.core.data.def.IntCell">
                                <entry key="IntCell" type="xint" value="5237295"/>
                            </config>
                        </config>
                    </config>
                    <config key="column_properties"/>
                    <config key="meta_data"/>
                </config>
                <config key="column_spec_1">
                    <entry key="column_name" type="xstring" value="danceability"/>
                    <config key="element_names">
                        <entry key="array-size" type="xint" value="0"/>
                    </config>
                    <config key="column_type">
                        <entry key="cell_class" type="xstring" value="org.knime.core.data.def.DoubleCell"/>
                    </config>
                    <config key="column_domain">
                        <config key="lower_bound">
                            <entry key="datacell" type="xstring" value="org.knime.core.data.def.DoubleCell"/>
                            <config key="org.knime.core.data.def.DoubleCell">
                                <entry key="DoubleCell" type="xdouble" value="0.0"/>
                            </config>
                        </config>
                        <config key="upper_bound">
                            <entry key="datacell" type="xstring" value="org.knime.core.data.def.DoubleCell"/>
                            <config key="org.knime.core.data.def.DoubleCell">
                                <entry key="DoubleCell" type="xdouble" value="0.985"/>
                            </config>
                        </config>
                    </config>
                    <config key="column_properties"/>
                    <config key="meta_data"/>
                </config>
                <config key="column_spec_2">
                    <entry key="column_name" type="xstring" value="key"/>
                    <config key="element_names">
                        <entry key="array-size" type="xint" value="0"/>
                    </config>
                    <config key="column_type">
                        <entry key="cell_class" type="xstring" value="org.knime.core.data.def.IntCell"/>
                    </config>
                    <config key="column_domain">
                        <config key="lower_bound">
                            <entry key="datacell" type="xstring" value="org.knime.core.data.def.IntCell"/>
                            <config key="org.knime.core.data.def.IntCell">
                                <entry key="IntCell" type="xint" value="0"/>
                            </config>
                        </config>
                        <config key="upper_bound">
                            <entry key="datacell" type="xstring" value="org.knime.core.data.def.IntCell"/>
                            <config key="org.knime.core.data.def.IntCell">
                                <entry key="IntCell" type="xint" value="11"/>
                            </config>
                        </config>
                    </config>
                    <config key="column_properties"/>
                    <config key="meta_data"/>
                </config>
                <config key="column_spec_3">
                    <entry key="column_name" type="xstring" value="loudness"/>
                    <config key="element_names">
                        <entry key="array-size" type="xint" value="0"/>
                    </config>
                    <config key="column_type">
                        <entry key="cell_class" type="xstring" value="org.knime.core.data.def.DoubleCell"/>
                    </config>
                    <config key="column_domain">
                        <config key="lower_bound">
                            <entry key="datacell" type="xstring" value="org.knime.core.data.def.DoubleCell"/>
                            <config key="org.knime.core.data.def.DoubleCell">
                                <entry key="DoubleCell" type="xdouble" value="-49.531"/>
                            </config>
                        </config>
                        <config key="upper_bound">
                            <entry key="datacell" type="xstring" value="org.knime.core.data.def.DoubleCell"/>
                            <config key="org.knime.core.data.def.DoubleCell">
                                <entry key="DoubleCell" type="xdouble" value="4.532"/>
                            </config>
                        </config>
                    </config>
                    <config key="column_properties"/>
                    <config key="meta_data"/>
                </config>
                <config key="column_spec_4">
                    <entry key="column_name" type="xstring" value="mode"/>
                    <config key="element_names">
                        <entry key="array-size" type="xint" value="0"/>
                    </config>
                    <config key="column_type">
                        <entry key="cell_class" type="xstring" value="org.knime.core.data.def.IntCell"/>
                    </config>
                    <config key="column_domain">
                        <config key="lower_bound">
                            <entry key="datacell" type="xstring" value="org.knime.core.data.def.IntCell"/>
                            <config key="org.knime.core.data.def.IntCell">
                                <entry key="IntCell" type="xint" value="0"/>
                            </config>
                        </config>
                        <config key="upper_bound">
                            <entry key="datacell" type="xstring" value="org.knime.core.data.def.IntCell"/>
                            <config key="org.knime.core.data.def.IntCell">
                                <entry key="IntCell" type="xint" value="1"/>
                            </config>
                        </config>
                    </config>
                    <config key="column_properties"/>
                    <config key="meta_data"/>
                </config>
                <config key="column_spec_5">
                    <entry key="column_name" type="xstring" value="speechiness"/>
                    <config key="element_names">
                        <entry key="array-size" type="xint" value="0"/>
                    </config>
                    <config key="column_type">
                        <entry key="cell_class" type="xstring" value="org.knime.core.data.def.DoubleCell"/>
                    </config>
                    <config key="column_domain">
                        <config key="lower_bound">
                            <entry key="datacell" type="xstring" value="org.knime.core.data.def.DoubleCell"/>
                            <config key="org.knime.core.data.def.DoubleCell">
                                <entry key="DoubleCell" type="xdouble" value="0.0"/>
                            </config>
                        </config>
                        <config key="upper_bound">
                            <entry key="datacell" type="xstring" value="org.knime.core.data.def.DoubleCell"/>
                            <config key="org.knime.core.data.def.DoubleCell">
                                <entry key="DoubleCell" type="xdouble" value="0.965"/>
                            </config>
                        </config>
                    </config>
                    <config key="column_properties"/>
                    <config key="meta_data"/>
                </config>
                <config key="column_spec_6">
                    <entry key="column_name" type="xstring" value="acousticness"/>
                    <config key="element_names">
                        <entry key="array-size" type="xint" value="0"/>
                    </config>
                    <config key="column_type">
                        <entry key="cell_class" type="xstring" value="org.knime.core.data.def.DoubleCell"/>
                    </config>
                    <config key="column_domain">
                        <config key="lower_bound">
                            <entry key="datacell" type="xstring" value="org.knime.core.data.def.DoubleCell"/>
                            <config key="org.knime.core.data.def.DoubleCell">
                                <entry key="DoubleCell" type="xdouble" value="0.0"/>
                            </config>
                        </config>
                        <config key="upper_bound">
                            <entry key="datacell" type="xstring" value="org.knime.core.data.def.DoubleCell"/>
                            <config key="org.knime.core.data.def.DoubleCell">
                                <entry key="DoubleCell" type="xdouble" value="0.996"/>
                            </config>
                        </config>
                    </config>
                    <config key="column_properties"/>
                    <config key="meta_data"/>
                </config>
                <config key="column_spec_7">
                    <entry key="column_name" type="xstring" value="instrumentalness"/>
                    <config key="element_names">
                        <entry key="array-size" type="xint" value="0"/>
                    </config>
                    <config key="column_type">
                        <entry key="cell_class" type="xstring" value="org.knime.core.data.def.DoubleCell"/>
                    </config>
                    <config key="column_domain">
                        <config key="lower_bound">
                            <entry key="datacell" type="xstring" value="org.knime.core.data.def.DoubleCell"/>
                            <config key="org.knime.core.data.def.DoubleCell">
                                <entry key="DoubleCell" type="xdouble" value="0.0"/>
                            </config>
                        </config>
                        <config key="upper_bound">
                            <entry key="datacell" type="xstring" value="org.knime.core.data.def.DoubleCell"/>
                            <config key="org.knime.core.data.def.DoubleCell">
                                <entry key="DoubleCell" type="xdouble" value="1.0"/>
                            </config>
                        </config>
                    </config>
                    <config key="column_properties"/>
                    <config key="meta_data"/>
                </config>
                <config key="column_spec_8">
                    <entry key="column_name" type="xstring" value="liveness"/>
                    <config key="element_names">
                        <entry key="array-size" type="xint" value="0"/>
                    </config>
                    <config key="column_type">
                        <entry key="cell_class" type="xstring" value="org.knime.core.data.def.DoubleCell"/>
                    </config>
                    <config key="column_domain">
                        <config key="lower_bound">
                            <entry key="datacell" type="xstring" value="org.knime.core.data.def.DoubleCell"/>
                            <config key="org.knime.core.data.def.DoubleCell">
                                <entry key="DoubleCell" type="xdouble" value="0.0"/>
                            </config>
                        </config>
                        <config key="upper_bound">
                            <entry key="datacell" type="xstring" value="org.knime.core.data.def.DoubleCell"/>
                            <config key="org.knime.core.data.def.DoubleCell">
                                <entry key="DoubleCell" type="xdouble" value="1.0"/>
                            </config>
                        </config>
                    </config>
                    <config key="column_properties"/>
                    <config key="meta_data"/>
                </config>
                <config key="column_spec_9">
                    <entry key="column_name" type="xstring" value="valence"/>
                    <config key="element_names">
                        <entry key="array-size" type="xint" value="0"/>
                    </config>
                    <config key="column_type">
                        <entry key="cell_class" type="xstring" value="org.knime.core.data.def.DoubleCell"/>
                    </config>
                    <config key="column_domain">
                        <config key="lower_bound">
                            <entry key="datacell" type="xstring" value="org.knime.core.data.def.DoubleCell"/>
                            <config key="org.knime.core.data.def.DoubleCell">
                                <entry key="DoubleCell" type="xdouble" value="0.0"/>
                            </config>
                        </config>
                        <config key="upper_bound">
                            <entry key="datacell" type="xstring" value="org.knime.core.data.def.DoubleCell"/>
                            <config key="org.knime.core.data.def.DoubleCell">
                                <entry key="DoubleCell" type="xdouble" value="0.995"/>
                            </config>
                        </config>
                    </config>
                    <config key="column_properties"/>
                    <config key="meta_data"/>
                </config>
                <config key="column_spec_10">
                    <entry key="column_name" type="xstring" value="tempo"/>
                    <config key="element_names">
                        <entry key="array-size" type="xint" value="0"/>
                    </config>
                    <config key="column_type">
                        <entry key="cell_class" type="xstring" value="org.knime.core.data.def.DoubleCell"/>
                    </config>
                    <config key="column_domain">
                        <config key="lower_bound">
                            <entry key="datacell" type="xstring" value="org.knime.core.data.def.DoubleCell"/>
                            <config key="org.knime.core.data.def.DoubleCell">
                                <entry key="DoubleCell" type="xdouble" value="0.0"/>
                            </config>
                        </config>
                        <config key="upper_bound">
                            <entry key="datacell" type="xstring" value="org.knime.core.data.def.DoubleCell"/>
                            <config key="org.knime.core.data.def.DoubleCell">
                                <entry key="DoubleCell" type="xdouble" value="243.372"/>
                            </config>
                        </config>
                    </config>
                    <config key="column_properties"/>
                    <config key="meta_data"/>
                </config>
                <config key="column_spec_11">
                    <entry key="column_name" type="xstring" value="time_signature"/>
                    <config key="element_names">
                        <entry key="array-size" type="xint" value="0"/>
                    </config>
                    <config key="column_type">
                        <entry key="cell_class" type="xstring" value="org.knime.core.data.def.IntCell"/>
                    </config>
                    <config key="column_domain">
                        <config key="lower_bound">
                            <entry key="datacell" type="xstring" value="org.knime.core.data.def.IntCell"/>
                            <config key="org.knime.core.data.def.IntCell">
                                <entry key="IntCell" type="xint" value="0"/>
                            </config>
                        </config>
                        <config key="upper_bound">
                            <entry key="datacell" type="xstring" value="org.knime.core.data.def.IntCell"/>
                            <config key="org.knime.core.data.def.IntCell">
                                <entry key="IntCell" type="xint" value="5"/>
                            </config>
                        </config>
                    </config>
                    <config key="column_properties"/>
                    <config key="meta_data"/>
                </config>
            </config>
            <config key="featureConverters">
                <entry key="featureConvertersCount" type="xint" value="12"/>
                <config key="0">
                    <entry key="converterSpecType" type="xstring" value="numerical"/>
                </config>
                <config key="1">
                    <entry key="converterSpecType" type="xstring" value="numerical"/>
                </config>
                <config key="2">
                    <entry key="converterSpecType" type="xstring" value="numerical"/>
                </config>
                <config key="3">
                    <entry key="converterSpecType" type="xstring" value="numerical"/>
                </config>
                <config key="4">
                    <entry key="converterSpecType" type="xstring" value="numerical"/>
                </config>
                <config key="5">
                    <entry key="converterSpecType" type="xstring" value="numerical"/>
                </config>
                <config key="6">
                    <entry key="converterSpecType" type="xstring" value="numerical"/>
                </config>
                <config key="7">
                    <entry key="converterSpecType" type="xstring" value="numerical"/>
                </config>
                <config key="8">
                    <entry key="converterSpecType" type="xstring" value="numerical"/>
                </config>
                <config key="9">
                    <entry key="converterSpecType" type="xstring" value="numerical"/>
                </config>
                <config key="10">
                    <entry key="converterSpecType" type="xstring" value="numerical"/>
                </config>
                <config key="11">
                    <entry key="converterSpecType" type="xstring" value="numerical"/>
                </config>
            </config>
            <config key="targetSpec">
                <entry key="column_name" type="xstring" value="track_genre"/>
                <config key="element_names">
                    <entry key="array-size" type="xint" value="0"/>
                </config>
                <config key="column_type">
                    <entry key="cell_class" type="xstring" value="org.knime.core.data.def.StringCell"/>
                </config>
                <config key="column_domain">
                    <config key="possible_values">
                        <entry key="array-size" type="xint" value="24"/>
                        <config key="0">
                            <entry key="datacell" type="xstring" value="org.knime.core.data.def.StringCell"/>
                            <config key="org.knime.core.data.def.StringCell">
                                <entry key="StringCell" type="xstring" value="ambient"/>
                            </config>
                        </config>
                        <config key="1">
                            <entry key="datacell" type="xstring" value="org.knime.core.data.def.StringCell"/>
                            <config key="org.knime.core.data.def.StringCell">
                                <entry key="StringCell" type="xstring" value="blues"/>
                            </config>
                        </config>
                        <config key="2">
                            <entry key="datacell" type="xstring" value="org.knime.core.data.def.StringCell"/>
                            <config key="org.knime.core.data.def.StringCell">
                                <entry key="StringCell" type="xstring" value="chill"/>
                            </config>
                        </config>
                        <config key="3">
                            <entry key="datacell" type="xstring" value="org.knime.core.data.def.StringCell"/>
                            <config key="org.knime.core.data.def.StringCell">
                                <entry key="StringCell" type="xstring" value="classical"/>
                            </config>
                        </config>
                        <config key="4">
                            <entry key="datacell" type="xstring" value="org.knime.core.data.def.StringCell"/>
                            <config key="org.knime.core.data.def.StringCell">
                                <entry key="StringCell" type="xstring" value="country"/>
                            </config>
                        </config>
                        <config key="5">
                            <entry key="datacell" type="xstring" value="org.knime.core.data.def.StringCell"/>
                            <config key="org.knime.core.data.def.StringCell">
                                <entry key="StringCell" type="xstring" value="disco"/>
                            </config>
                        </config>
                        <config key="6">
                            <entry key="datacell" type="xstring" value="org.knime.core.data.def.StringCell"/>
                            <config key="org.knime.core.data.def.StringCell">
                                <entry key="StringCell" type="xstring" value="edm"/>
                            </config>
                        </config>
                        <config key="7">
                            <entry key="datacell" type="xstring" value="org.knime.core.data.def.StringCell"/>
                            <config key="org.knime.core.data.def.StringCell">
                                <entry key="StringCell" type="xstring" value="electro"/>
                            </config>
                        </config>
                        <config key="8">
                            <entry key="datacell" type="xstring" value="org.knime.core.data.def.StringCell"/>
                            <config key="org.knime.core.data.def.StringCell">
                                <entry key="StringCell" type="xstring" value="folk"/>
                            </config>
                        </config>
                        <config key="9">
                            <entry key="datacell" type="xstring" value="org.knime.core.data.def.StringCell"/>
                            <config key="org.knime.core.data.def.StringCell">
                                <entry key="StringCell" type="xstring" value="funk"/>
                            </config>
                        </config>
                        <config key="10">
                            <entry key="datacell" type="xstring" value="org.knime.core.data.def.StringCell"/>
                            <config key="org.knime.core.data.def.StringCell">
                                <entry key="StringCell" type="xstring" value="hard-rock"/>
                            </config>
                        </config>
                        <config key="11">
                            <entry key="datacell" type="xstring" value="org.knime.core.data.def.StringCell"/>
                            <config key="org.knime.core.data.def.StringCell">
                                <entry key="StringCell" type="xstring" value="heavy-metal"/>
                            </config>
                        </config>
                        <config key="12">
                            <entry key="datacell" type="xstring" value="org.knime.core.data.def.StringCell"/>
                            <config key="org.knime.core.data.def.StringCell">
                                <entry key="StringCell" type="xstring" value="hip-hop"/>
                            </config>
                        </config>
                        <config key="13">
                            <entry key="datacell" type="xstring" value="org.knime.core.data.def.StringCell"/>
                            <config key="org.knime.core.data.def.StringCell">
                                <entry key="StringCell" type="xstring" value="indie-pop"/>
                            </config>
                        </config>
                        <config key="14">
                            <entry key="datacell" type="xstring" value="org.knime.core.data.def.StringCell"/>
                            <config key="org.knime.core.data.def.StringCell">
                                <entry key="StringCell" type="xstring" value="jazz"/>
                            </config>
                        </config>
                        <config key="15">
                            <entry key="datacell" type="xstring" value="org.knime.core.data.def.StringCell"/>
                            <config key="org.knime.core.data.def.StringCell">
                                <entry key="StringCell" type="xstring" value="piano"/>
                            </config>
                        </config>
                        <config key="16">
                            <entry key="datacell" type="xstring" value="org.knime.core.data.def.StringCell"/>
                            <config key="org.knime.core.data.def.StringCell">
                                <entry key="StringCell" type="xstring" value="pop"/>
                            </config>
                        </config>
                        <config key="17">
                            <entry key="datacell" type="xstring" value="org.knime.core.data.def.StringCell"/>
                            <config key="org.knime.core.data.def.StringCell">
                                <entry key="StringCell" type="xstring" value="progressive-house"/>
                            </config>
                        </config>
                        <config key="18">
                            <entry key="datacell" type="xstring" value="org.knime.core.data.def.StringCell"/>
                            <config key="org.knime.core.data.def.StringCell">
                                <entry key="StringCell" type="xstring" value="psych-rock"/>
                            </config>
                        </config>
                        <config key="19">
                            <entry key="datacell" type="xstring" value="org.knime.core.data.def.StringCell"/>
                            <config key="org.knime.core.data.def.StringCell">
                                <entry key="StringCell" type="xstring" value="punk-rock"/>
                            </config>
                        </config>
                        <config key="20">
                            <entry key="datacell" type="xstring" value="org.knime.core.data.def.StringCell"/>
                            <config key="org.knime.core.data.def.StringCell">
                                <entry key="StringCell" type="xstring" value="r-n-b"/>
                            </config>
                        </config>
                        <config key="21">
                            <entry key="datacell" type="xstring" value="org.knime.core.data.def.StringCell"/>
                            <config key="org.knime.core.data.def.StringCell">
                                <entry key="StringCell" type="xstring" value="rock-n-roll"/>
                            </config>
                        </config>
                        <config key="22">
                            <entry key="datacell" type="xstring" value="org.knime.core.data.def.StringCell"/>
                            <config key="org.knime.core.data.def.StringCell">
                                <entry key="StringCell" type="xstring" value="soul"/>
                            </config>
                        </config>
                        <config key="23">
                            <entry key="datacell" type="xstring" value="org.knime.core.data.def.StringCell"/>
                            <config key="org.knime.core.data.def.StringCell">
                                <entry key="StringCell" type="xstring" value="techno"/>
                            </config>
                        </config>
                    </config>
                </config>
                <config key="column_properties"/>
                <config key="meta_data"/>
            </config>
            <config key="targetConverter">
                <entry key="converterSpecType" type="xstring" value="string"/>
                <config key="values">
                    <entry key="array-size" type="xint" value="24"/>
                    <entry key="0" type="xstring" value="ambient"/>
                    <entry key="1" type="xstring" value="blues"/>
                    <entry key="2" type="xstring" value="chill"/>
                    <entry key="3" type="xstring" value="classical"/>
                    <entry key="4" type="xstring" value="country"/>
                    <entry key="5" type="xstring" value="disco"/>
                    <entry key="6" type="xstring" value="edm"/>
                    <entry key="7" type="xstring" value="electro"/>
                    <entry key="8" type="xstring" value="folk"/>
                    <entry key="9" type="xstring" value="funk"/>
                    <entry key="10" type="xstring" value="hard-rock"/>
                    <entry key="11" type="xstring" value="heavy-metal"/>
                    <entry key="12" type="xstring" value="hip-hop"/>
                    <entry key="13" type="xstring" value="indie-pop"/>
                    <entry key="14" type="xstring" value="jazz"/>
                    <entry key="15" type="xstring" value="piano"/>
                    <entry key="16" type="xstring" value="pop"/>
                    <entry key="17" type="xstring" value="progressive-house"/>
                    <entry key="18" type="xstring" value="psych-rock"/>
                    <entry key="19" type="xstring" value="punk-rock"/>
                    <entry key="20" type="xstring" value="r-n-b"/>
                    <entry key="21" type="xstring" value="rock-n-roll"/>
                    <entry key="22" type="xstring" value="soul"/>
                    <entry key="23" type="xstring" value="techno"/>
                </config>
            </config>
        </config>
        <config key="objective">
            <entry key="identifier" type="xstring" value="multi:softprob"/>
        </config>
        <config key="params">
            <entry key="colsample_bytree" type="xdouble" value="1.0"/>
            <entry key="silent" type="xint" value="1"/>
            <entry key="tree_method" type="xstring" value="auto"/>
            <entry key="scale_pos_weight" type="xdouble" value="1.0"/>
            <entry key="base_score" type="xdouble" value="0.5"/>
            <entry key="seed" type="xlong" value="-1938833693"/>
            <entry key="num_class" type="xint" value="24"/>
            <entry key="max_depth" type="xint" value="6"/>
            <entry key="colsample_bynode" type="xdouble" value="1.0"/>
            <entry key="objective" type="xstring" value="multi:softprob"/>
            <entry key="lambda" type="xdouble" value="1.0"/>
            <entry key="eta" type="xdouble" value="0.3"/>
            <entry key="grow_policy" type="xstring" value="depthwise"/>
            <entry key="nthread" type="xint" value="10"/>
            <entry key="alpha" type="xdouble" value="1.0"/>
            <entry key="subsample" type="xdouble" value="1.0"/>
            <entry key="colsample_bylevel" type="xdouble" value="1.0"/>
            <entry key="gamma" type="xdouble" value="0.0"/>
            <entry key="min_child_weight" type="xdouble" value="1.0"/>
            <entry key="max_delta_step" type="xdouble" value="0.0"/>
        </config>
    </config>
</config>
